,,,,
FSO15 - IR date,,,,
,,,,
,,,,
cm-1,%T,,,
4000,104.15,,,
3999,104.15,,,
3998,104.12,,,
3997,104.09,,,
3996,104.07,,,
3995,104.08,,,
3994,104.1,,,
3993,104.1,,,
3992,104.08,,,
3991,104.05,,,
3990,104.02,,,
3989,104.03,,,
3988,104.05,,,
3987,104.08,,,
3986,104.11,,,
3985,104.12,,,
3984,104.12,,,
3983,104.11,,,
3982,104.11,,,
3981,104.12,,,
3980,104.13,,,
3979,104.14,,,
3978,104.14,,,
3977,104.12,,,
3976,104.1,,,
3975,104.1,,,
3974,104.11,,,
3973,104.12,,,
3972,104.13,,,
3971,104.12,,,
3970,104.12,,,
3969,104.12,,,
3968,104.11,,,
3967,104.1,,,
3966,104.08,,,
3965,104.07,,,
3964,104.07,,,
3963,104.09,,,
3962,104.11,,,
3961,104.14,,,
3960,104.16,,,
3959,104.18,,,
3958,104.19,,,
3957,104.19,,,
3956,104.19,,,
3955,104.18,,,
3954,104.17,,,
3953,104.17,,,
3952,104.16,,,
3951,104.15,,,
3950,104.15,,,
3949,104.16,,,
3948,104.17,,,
3947,104.17,,,
3946,104.15,,,
3945,104.13,,,
3944,104.11,,,
3943,104.12,,,
3942,104.13,,,
3941,104.15,,,
3940,104.17,,,
3939,104.18,,,
3938,104.18,,,
3937,104.16,,,
3936,104.14,,,
3935,104.14,,,
3934,104.16,,,
3933,104.19,,,
3932,104.2,,,
3931,104.2,,,
3930,104.19,,,
3929,104.18,,,
3928,104.16,,,
3927,104.14,,,
3926,104.13,,,
3925,104.14,,,
3924,104.16,,,
3923,104.19,,,
3922,104.21,,,
3921,104.23,,,
3920,104.24,,,
3919,104.26,,,
3918,104.28,,,
3917,104.28,,,
3916,104.27,,,
3915,104.25,,,
3914,104.23,,,
3913,104.23,,,
3912,104.22,,,
3911,104.21,,,
3910,104.2,,,
3909,104.19,,,
3908,104.18,,,
3907,104.17,,,
3906,104.16,,,
3905,104.16,,,
3904,104.17,,,
3903,104.18,,,
3902,104.18,,,
3901,104.17,,,
3900,104.17,,,
3899,104.17,,,
3898,104.18,,,
3897,104.2,,,
3896,104.21,,,
3895,104.23,,,
3894,104.25,,,
3893,104.27,,,
3892,104.28,,,
3891,104.3,,,
3890,104.31,,,
3889,104.3,,,
3888,104.26,,,
3887,104.21,,,
3886,104.18,,,
3885,104.17,,,
3884,104.18,,,
3883,104.2,,,
3882,104.2,,,
3881,104.2,,,
3880,104.2,,,
3879,104.2,,,
3878,104.19,,,
3877,104.19,,,
3876,104.21,,,
3875,104.25,,,
3874,104.29,,,
3873,104.31,,,
3872,104.3,,,
3871,104.28,,,
3870,104.27,,,
3869,104.27,,,
3868,104.27,,,
3867,104.26,,,
3866,104.25,,,
3865,104.22,,,
3864,104.2,,,
3863,104.19,,,
3862,104.21,,,
3861,104.25,,,
3860,104.29,,,
3859,104.31,,,
3858,104.31,,,
3857,104.3,,,
3856,104.3,,,
3855,104.31,,,
3854,104.32,,,
3853,104.33,,,
3852,104.34,,,
3851,104.33,,,
3850,104.32,,,
3849,104.32,,,
3848,104.32,,,
3847,104.32,,,
3846,104.32,,,
3845,104.31,,,
3844,104.3,,,
3843,104.28,,,
3842,104.27,,,
3841,104.26,,,
3840,104.25,,,
3839,104.26,,,
3838,104.28,,,
3837,104.31,,,
3836,104.32,,,
3835,104.32,,,
3834,104.3,,,
3833,104.26,,,
3832,104.23,,,
3831,104.21,,,
3830,104.21,,,
3829,104.23,,,
3828,104.25,,,
3827,104.29,,,
3826,104.32,,,
3825,104.36,,,
3824,104.38,,,
3823,104.38,,,
3822,104.36,,,
3821,104.35,,,
3820,104.34,,,
3819,104.34,,,
3818,104.35,,,
3817,104.36,,,
3816,104.37,,,
3815,104.36,,,
3814,104.35,,,
3813,104.34,,,
3812,104.36,,,
3811,104.4,,,
3810,104.43,,,
3809,104.44,,,
3808,104.43,,,
3807,104.4,,,
3806,104.37,,,
3805,104.34,,,
3804,104.31,,,
3803,104.28,,,
3802,104.27,,,
3801,104.31,,,
3800,104.36,,,
3799,104.4,,,
3798,104.44,,,
3797,104.45,,,
3796,104.44,,,
3795,104.41,,,
3794,104.37,,,
3793,104.34,,,
3792,104.33,,,
3791,104.34,,,
3790,104.36,,,
3789,104.39,,,
3788,104.4,,,
3787,104.4,,,
3786,104.39,,,
3785,104.38,,,
3784,104.38,,,
3783,104.38,,,
3782,104.37,,,
3781,104.36,,,
3780,104.36,,,
3779,104.36,,,
3778,104.36,,,
3777,104.37,,,
3776,104.38,,,
3775,104.39,,,
3774,104.39,,,
3773,104.37,,,
3772,104.34,,,
3771,104.31,,,
3770,104.31,,,
3769,104.32,,,
3768,104.35,,,
3767,104.36,,,
3766,104.36,,,
3765,104.35,,,
3764,104.35,,,
3763,104.36,,,
3762,104.39,,,
3761,104.44,,,
3760,104.47,,,
3759,104.48,,,
3758,104.48,,,
3757,104.46,,,
3756,104.45,,,
3755,104.43,,,
3754,104.43,,,
3753,104.43,,,
3752,104.43,,,
3751,104.44,,,
3750,104.45,,,
3749,104.45,,,
3748,104.44,,,
3747,104.44,,,
3746,104.43,,,
3745,104.43,,,
3744,104.42,,,
3743,104.41,,,
3742,104.4,,,
3741,104.39,,,
3740,104.4,,,
3739,104.41,,,
3738,104.41,,,
3737,104.41,,,
3736,104.42,,,
3735,104.44,,,
3734,104.45,,,
3733,104.46,,,
3732,104.47,,,
3731,104.47,,,
3730,104.49,,,
3729,104.49,,,
3728,104.48,,,
3727,104.47,,,
3726,104.46,,,
3725,104.46,,,
3724,104.46,,,
3723,104.48,,,
3722,104.49,,,
3721,104.5,,,
3720,104.49,,,
3719,104.47,,,
3718,104.46,,,
3717,104.45,,,
3716,104.44,,,
3715,104.44,,,
3714,104.45,,,
3713,104.46,,,
3712,104.48,,,
3711,104.49,,,
3710,104.5,,,
3709,104.49,,,
3708,104.49,,,
3707,104.49,,,
3706,104.5,,,
3705,104.5,,,
3704,104.5,,,
3703,104.49,,,
3702,104.48,,,
3701,104.47,,,
3700,104.47,,,
3699,104.47,,,
3698,104.47,,,
3697,104.48,,,
3696,104.49,,,
3695,104.49,,,
3694,104.49,,,
3693,104.46,,,
3692,104.43,,,
3691,104.41,,,
3690,104.41,,,
3689,104.43,,,
3688,104.43,,,
3687,104.41,,,
3686,104.38,,,
3685,104.37,,,
3684,104.39,,,
3683,104.43,,,
3682,104.46,,,
3681,104.46,,,
3680,104.46,,,
3679,104.46,,,
3678,104.46,,,
3677,104.46,,,
3676,104.45,,,
3675,104.45,,,
3674,104.44,,,
3673,104.43,,,
3672,104.42,,,
3671,104.42,,,
3670,104.44,,,
3669,104.47,,,
3668,104.47,,,
3667,104.44,,,
3666,104.4,,,
3665,104.38,,,
3664,104.39,,,
3663,104.4,,,
3662,104.41,,,
3661,104.4,,,
3660,104.39,,,
3659,104.37,,,
3658,104.37,,,
3657,104.39,,,
3656,104.42,,,
3655,104.44,,,
3654,104.44,,,
3653,104.4,,,
3652,104.35,,,
3651,104.31,,,
3650,104.28,,,
3649,104.28,,,
3648,104.28,,,
3647,104.27,,,
3646,104.26,,,
3645,104.27,,,
3644,104.28,,,
3643,104.29,,,
3642,104.3,,,
3641,104.29,,,
3640,104.26,,,
3639,104.23,,,
3638,104.21,,,
3637,104.2,,,
3636,104.21,,,
3635,104.24,,,
3634,104.27,,,
3633,104.29,,,
3632,104.3,,,
3631,104.28,,,
3630,104.24,,,
3629,104.21,,,
3628,104.19,,,
3627,104.18,,,
3626,104.16,,,
3625,104.15,,,
3624,104.16,,,
3623,104.17,,,
3622,104.16,,,
3621,104.14,,,
3620,104.13,,,
3619,104.13,,,
3618,104.14,,,
3617,104.13,,,
3616,104.12,,,
3615,104.1,,,
3614,104.07,,,
3613,104.03,,,
3612,103.99,,,
3611,103.96,,,
3610,103.95,,,
3609,103.95,,,
3608,103.96,,,
3607,103.97,,,
3606,103.97,,,
3605,103.96,,,
3604,103.94,,,
3603,103.91,,,
3602,103.89,,,
3601,103.88,,,
3600,103.87,,,
3599,103.86,,,
3598,103.84,,,
3597,103.83,,,
3596,103.82,,,
3595,103.81,,,
3594,103.8,,,
3593,103.78,,,
3592,103.76,,,
3591,103.74,,,
3590,103.72,,,
3589,103.68,,,
3588,103.64,,,
3587,103.59,,,
3586,103.56,,,
3585,103.54,,,
3584,103.55,,,
3583,103.57,,,
3582,103.59,,,
3581,103.6,,,
3580,103.59,,,
3579,103.58,,,
3578,103.55,,,
3577,103.52,,,
3576,103.5,,,
3575,103.49,,,
3574,103.49,,,
3573,103.5,,,
3572,103.51,,,
3571,103.51,,,
3570,103.49,,,
3569,103.46,,,
3568,103.42,,,
3567,103.4,,,
3566,103.38,,,
3565,103.36,,,
3564,103.33,,,
3563,103.3,,,
3562,103.28,,,
3561,103.27,,,
3560,103.25,,,
3559,103.23,,,
3558,103.2,,,
3557,103.16,,,
3556,103.12,,,
3555,103.09,,,
3554,103.09,,,
3553,103.11,,,
3552,103.15,,,
3551,103.18,,,
3550,103.19,,,
3549,103.18,,,
3548,103.16,,,
3547,103.12,,,
3546,103.09,,,
3545,103.06,,,
3544,103.03,,,
3543,103,,,
3542,102.97,,,
3541,102.94,,,
3540,102.91,,,
3539,102.9,,,
3538,102.9,,,
3537,102.9,,,
3536,102.9,,,
3535,102.9,,,
3534,102.88,,,
3533,102.85,,,
3532,102.83,,,
3531,102.83,,,
3530,102.83,,,
3529,102.82,,,
3528,102.79,,,
3527,102.76,,,
3526,102.74,,,
3525,102.74,,,
3524,102.74,,,
3523,102.73,,,
3522,102.73,,,
3521,102.72,,,
3520,102.72,,,
3519,102.72,,,
3518,102.72,,,
3517,102.71,,,
3516,102.67,,,
3515,102.61,,,
3514,102.57,,,
3513,102.54,,,
3512,102.53,,,
3511,102.53,,,
3510,102.55,,,
3509,102.56,,,
3508,102.56,,,
3507,102.55,,,
3506,102.52,,,
3505,102.49,,,
3504,102.46,,,
3503,102.43,,,
3502,102.41,,,
3501,102.39,,,
3500,102.37,,,
3499,102.36,,,
3498,102.34,,,
3497,102.33,,,
3496,102.31,,,
3495,102.31,,,
3494,102.32,,,
3493,102.3,,,
3492,102.27,,,
3491,102.23,,,
3490,102.2,,,
3489,102.19,,,
3488,102.19,,,
3487,102.19,,,
3486,102.17,,,
3485,102.14,,,
3484,102.09,,,
3483,102.05,,,
3482,102.03,,,
3481,102.05,,,
3480,102.08,,,
3479,102.11,,,
3478,102.12,,,
3477,102.09,,,
3476,102.06,,,
3475,102.03,,,
3474,102.02,,,
3473,102.01,,,
3472,101.99,,,
3471,101.96,,,
3470,101.94,,,
3469,101.93,,,
3468,101.92,,,
3467,101.91,,,
3466,101.89,,,
3465,101.87,,,
3464,101.83,,,
3463,101.8,,,
3462,101.79,,,
3461,101.79,,,
3460,101.79,,,
3459,101.78,,,
3458,101.74,,,
3457,101.7,,,
3456,101.67,,,
3455,101.65,,,
3454,101.64,,,
3453,101.63,,,
3452,101.62,,,
3451,101.62,,,
3450,101.61,,,
3449,101.6,,,
3448,101.58,,,
3447,101.57,,,
3446,101.57,,,
3445,101.57,,,
3444,101.57,,,
3443,101.55,,,
3442,101.53,,,
3441,101.51,,,
3440,101.51,,,
3439,101.52,,,
3438,101.52,,,
3437,101.5,,,
3436,101.46,,,
3435,101.41,,,
3434,101.37,,,
3433,101.34,,,
3432,101.33,,,
3431,101.33,,,
3430,101.33,,,
3429,101.32,,,
3428,101.31,,,
3427,101.31,,,
3426,101.31,,,
3425,101.31,,,
3424,101.29,,,
3423,101.27,,,
3422,101.25,,,
3421,101.23,,,
3420,101.21,,,
3419,101.19,,,
3418,101.18,,,
3417,101.17,,,
3416,101.15,,,
3415,101.12,,,
3414,101.08,,,
3413,101.04,,,
3412,101.03,,,
3411,101.04,,,
3410,101.06,,,
3409,101.09,,,
3408,101.1,,,
3407,101.1,,,
3406,101.07,,,
3405,101.03,,,
3404,100.99,,,
3403,100.97,,,
3402,100.97,,,
3401,100.98,,,
3400,100.98,,,
3399,100.98,,,
3398,100.96,,,
3397,100.93,,,
3396,100.9,,,
3395,100.87,,,
3394,100.85,,,
3393,100.82,,,
3392,100.8,,,
3391,100.79,,,
3390,100.79,,,
3389,100.79,,,
3388,100.81,,,
3387,100.84,,,
3386,100.84,,,
3385,100.82,,,
3384,100.79,,,
3383,100.76,,,
3382,100.73,,,
3381,100.7,,,
3380,100.67,,,
3379,100.65,,,
3378,100.65,,,
3377,100.65,,,
3376,100.66,,,
3375,100.66,,,
3374,100.66,,,
3373,100.65,,,
3372,100.63,,,
3371,100.61,,,
3370,100.58,,,
3369,100.57,,,
3368,100.55,,,
3367,100.55,,,
3366,100.55,,,
3365,100.57,,,
3364,100.58,,,
3363,100.57,,,
3362,100.54,,,
3361,100.5,,,
3360,100.46,,,
3359,100.43,,,
3358,100.43,,,
3357,100.45,,,
3356,100.46,,,
3355,100.46,,,
3354,100.45,,,
3353,100.43,,,
3352,100.42,,,
3351,100.41,,,
3350,100.4,,,
3349,100.39,,,
3348,100.39,,,
3347,100.38,,,
3346,100.36,,,
3345,100.35,,,
3344,100.35,,,
3343,100.36,,,
3342,100.36,,,
3341,100.34,,,
3340,100.32,,,
3339,100.31,,,
3338,100.31,,,
3337,100.31,,,
3336,100.31,,,
3335,100.31,,,
3334,100.32,,,
3333,100.32,,,
3332,100.31,,,
3331,100.3,,,
3330,100.29,,,
3329,100.28,,,
3328,100.26,,,
3327,100.25,,,
3326,100.24,,,
3325,100.24,,,
3324,100.26,,,
3323,100.27,,,
3322,100.26,,,
3321,100.23,,,
3320,100.2,,,
3319,100.18,,,
3318,100.17,,,
3317,100.17,,,
3316,100.16,,,
3315,100.16,,,
3314,100.16,,,
3313,100.16,,,
3312,100.15,,,
3311,100.13,,,
3310,100.11,,,
3309,100.09,,,
3308,100.09,,,
3307,100.09,,,
3306,100.09,,,
3305,100.1,,,
3304,100.11,,,
3303,100.12,,,
3302,100.13,,,
3301,100.12,,,
3300,100.12,,,
3299,100.11,,,
3298,100.1,,,
3297,100.1,,,
3296,100.1,,,
3295,100.1,,,
3294,100.09,,,
3293,100.08,,,
3292,100.06,,,
3291,100.04,,,
3290,100.03,,,
3289,100.02,,,
3288,100.02,,,
3287,100.02,,,
3286,100.02,,,
3285,100.01,,,
3284,100,,,
3283,100,,,
3282,100,,,
3281,100,,,
3280,99.99,,,
3279,99.98,,,
3278,99.96,,,
3277,99.95,,,
3276,99.95,,,
3275,99.96,,,
3274,99.96,,,
3273,99.97,,,
3272,99.96,,,
3271,99.96,,,
3270,99.95,,,
3269,99.93,,,
3268,99.92,,,
3267,99.92,,,
3266,99.92,,,
3265,99.94,,,
3264,99.96,,,
3263,99.98,,,
3262,100,,,
3261,100.01,,,
3260,100.01,,,
3259,100,,,
3258,99.99,,,
3257,99.97,,,
3256,99.96,,,
3255,99.94,,,
3254,99.93,,,
3253,99.91,,,
3252,99.91,,,
3251,99.91,,,
3250,99.91,,,
3249,99.9,,,
3248,99.89,,,
3247,99.88,,,
3246,99.89,,,
3245,99.89,,,
3244,99.89,,,
3243,99.87,,,
3242,99.84,,,
3241,99.83,,,
3240,99.83,,,
3239,99.83,,,
3238,99.83,,,
3237,99.84,,,
3236,99.85,,,
3235,99.85,,,
3234,99.84,,,
3233,99.82,,,
3232,99.79,,,
3231,99.78,,,
3230,99.78,,,
3229,99.79,,,
3228,99.81,,,
3227,99.81,,,
3226,99.81,,,
3225,99.82,,,
3224,99.82,,,
3223,99.82,,,
3222,99.82,,,
3221,99.8,,,
3220,99.78,,,
3219,99.78,,,
3218,99.79,,,
3217,99.82,,,
3216,99.83,,,
3215,99.84,,,
3214,99.82,,,
3213,99.79,,,
3212,99.77,,,
3211,99.76,,,
3210,99.75,,,
3209,99.76,,,
3208,99.77,,,
3207,99.78,,,
3206,99.78,,,
3205,99.79,,,
3204,99.79,,,
3203,99.8,,,
3202,99.8,,,
3201,99.8,,,
3200,99.79,,,
3199,99.79,,,
3198,99.8,,,
3197,99.8,,,
3196,99.8,,,
3195,99.8,,,
3194,99.8,,,
3193,99.81,,,
3192,99.83,,,
3191,99.85,,,
3190,99.86,,,
3189,99.84,,,
3188,99.81,,,
3187,99.78,,,
3186,99.78,,,
3185,99.79,,,
3184,99.82,,,
3183,99.84,,,
3182,99.85,,,
3181,99.85,,,
3180,99.83,,,
3179,99.8,,,
3178,99.79,,,
3177,99.79,,,
3176,99.8,,,
3175,99.82,,,
3174,99.85,,,
3173,99.87,,,
3172,99.88,,,
3171,99.89,,,
3170,99.9,,,
3169,99.89,,,
3168,99.88,,,
3167,99.86,,,
3166,99.84,,,
3165,99.83,,,
3164,99.84,,,
3163,99.85,,,
3162,99.86,,,
3161,99.86,,,
3160,99.85,,,
3159,99.85,,,
3158,99.86,,,
3157,99.87,,,
3156,99.87,,,
3155,99.87,,,
3154,99.86,,,
3153,99.85,,,
3152,99.85,,,
3151,99.86,,,
3150,99.87,,,
3149,99.87,,,
3148,99.87,,,
3147,99.86,,,
3146,99.87,,,
3145,99.9,,,
3144,99.93,,,
3143,99.95,,,
3142,99.95,,,
3141,99.93,,,
3140,99.92,,,
3139,99.93,,,
3138,99.94,,,
3137,99.95,,,
3136,99.96,,,
3135,99.96,,,
3134,99.96,,,
3133,99.95,,,
3132,99.94,,,
3131,99.93,,,
3130,99.93,,,
3129,99.94,,,
3128,99.97,,,
3127,100.01,,,
3126,100.04,,,
3125,100.04,,,
3124,100.03,,,
3123,100.01,,,
3122,99.99,,,
3121,99.99,,,
3120,99.99,,,
3119,100,,,
3118,100.03,,,
3117,100.05,,,
3116,100.08,,,
3115,100.1,,,
3114,100.11,,,
3113,100.11,,,
3112,100.1,,,
3111,100.07,,,
3110,100.05,,,
3109,100.05,,,
3108,100.07,,,
3107,100.12,,,
3106,100.16,,,
3105,100.18,,,
3104,100.2,,,
3103,100.2,,,
3102,100.2,,,
3101,100.18,,,
3100,100.16,,,
3099,100.14,,,
3098,100.13,,,
3097,100.14,,,
3096,100.17,,,
3095,100.21,,,
3094,100.25,,,
3093,100.27,,,
3092,100.28,,,
3091,100.27,,,
3090,100.26,,,
3089,100.25,,,
3088,100.25,,,
3087,100.24,,,
3086,100.26,,,
3085,100.29,,,
3084,100.34,,,
3083,100.37,,,
3082,100.38,,,
3081,100.36,,,
3080,100.32,,,
3079,100.3,,,
3078,100.3,,,
3077,100.32,,,
3076,100.35,,,
3075,100.38,,,
3074,100.4,,,
3073,100.41,,,
3072,100.43,,,
3071,100.44,,,
3070,100.42,,,
3069,100.41,,,
3068,100.4,,,
3067,100.42,,,
3066,100.46,,,
3065,100.51,,,
3064,100.54,,,
3063,100.56,,,
3062,100.56,,,
3061,100.55,,,
3060,100.54,,,
3059,100.52,,,
3058,100.52,,,
3057,100.54,,,
3056,100.57,,,
3055,100.6,,,
3054,100.62,,,
3053,100.62,,,
3052,100.6,,,
3051,100.59,,,
3050,100.58,,,
3049,100.57,,,
3048,100.56,,,
3047,100.56,,,
3046,100.6,,,
3045,100.64,,,
3044,100.68,,,
3043,100.7,,,
3042,100.71,,,
3041,100.7,,,
3040,100.68,,,
3039,100.64,,,
3038,100.62,,,
3037,100.62,,,
3036,100.63,,,
3035,100.65,,,
3034,100.68,,,
3033,100.73,,,
3032,100.75,,,
3031,100.74,,,
3030,100.72,,,
3029,100.71,,,
3028,100.71,,,
3027,100.72,,,
3026,100.73,,,
3025,100.75,,,
3024,100.76,,,
3023,100.77,,,
3022,100.77,,,
3021,100.76,,,
3020,100.76,,,
3019,100.76,,,
3018,100.78,,,
3017,100.81,,,
3016,100.83,,,
3015,100.83,,,
3014,100.82,,,
3013,100.82,,,
3012,100.83,,,
3011,100.83,,,
3010,100.83,,,
3009,100.81,,,
3008,100.8,,,
3007,100.82,,,
3006,100.88,,,
3005,100.97,,,
3004,101.04,,,
3003,101.07,,,
3002,101.08,,,
3001,101.08,,,
3000,101.07,,,
2999,101.06,,,
2998,101.05,,,
2997,101.05,,,
2996,101.07,,,
2995,101.09,,,
2994,101.1,,,
2993,101.11,,,
2992,101.11,,,
2991,101.11,,,
2990,101.12,,,
2989,101.13,,,
2988,101.14,,,
2987,101.15,,,
2986,101.16,,,
2985,101.18,,,
2984,101.2,,,
2983,101.2,,,
2982,101.21,,,
2981,101.21,,,
2980,101.22,,,
2979,101.22,,,
2978,101.24,,,
2977,101.27,,,
2976,101.31,,,
2975,101.34,,,
2974,101.37,,,
2973,101.41,,,
2972,101.43,,,
2971,101.43,,,
2970,101.42,,,
2969,101.42,,,
2968,101.41,,,
2967,101.39,,,
2966,101.36,,,
2965,101.37,,,
2964,101.42,,,
2963,101.48,,,
2962,101.52,,,
2961,101.55,,,
2960,101.57,,,
2959,101.6,,,
2958,101.61,,,
2957,101.6,,,
2956,101.58,,,
2955,101.57,,,
2954,101.59,,,
2953,101.63,,,
2952,101.65,,,
2951,101.65,,,
2950,101.67,,,
2949,101.72,,,
2948,101.78,,,
2947,101.77,,,
2946,101.71,,,
2945,101.64,,,
2944,101.62,,,
2943,101.67,,,
2942,101.74,,,
2941,101.79,,,
2940,101.82,,,
2939,101.85,,,
2938,101.88,,,
2937,101.91,,,
2936,101.91,,,
2935,101.89,,,
2934,101.86,,,
2933,101.85,,,
2932,101.88,,,
2931,101.93,,,
2930,101.97,,,
2929,102,,,
2928,102.04,,,
2927,102.09,,,
2926,102.13,,,
2925,102.15,,,
2924,102.16,,,
2923,102.19,,,
2922,102.22,,,
2921,102.27,,,
2920,102.31,,,
2919,102.35,,,
2918,102.37,,,
2917,102.36,,,
2916,102.35,,,
2915,102.34,,,
2914,102.34,,,
2913,102.34,,,
2912,102.35,,,
2911,102.34,,,
2910,102.33,,,
2909,102.33,,,
2908,102.33,,,
2907,102.33,,,
2906,102.33,,,
2905,102.33,,,
2904,102.32,,,
2903,102.33,,,
2902,102.35,,,
2901,102.37,,,
2900,102.4,,,
2899,102.43,,,
2898,102.45,,,
2897,102.46,,,
2896,102.46,,,
2895,102.46,,,
2894,102.46,,,
2893,102.46,,,
2892,102.47,,,
2891,102.49,,,
2890,102.51,,,
2889,102.52,,,
2888,102.52,,,
2887,102.52,,,
2886,102.53,,,
2885,102.55,,,
2884,102.57,,,
2883,102.6,,,
2882,102.62,,,
2881,102.63,,,
2880,102.63,,,
2879,102.63,,,
2878,102.63,,,
2877,102.64,,,
2876,102.65,,,
2875,102.65,,,
2874,102.64,,,
2873,102.65,,,
2872,102.66,,,
2871,102.69,,,
2870,102.72,,,
2869,102.75,,,
2868,102.76,,,
2867,102.76,,,
2866,102.74,,,
2865,102.73,,,
2864,102.74,,,
2863,102.76,,,
2862,102.78,,,
2861,102.78,,,
2860,102.78,,,
2859,102.79,,,
2858,102.82,,,
2857,102.85,,,
2856,102.89,,,
2855,102.92,,,
2854,102.95,,,
2853,102.95,,,
2852,102.96,,,
2851,102.97,,,
2850,102.99,,,
2849,103.03,,,
2848,103.05,,,
2847,103.07,,,
2846,103.06,,,
2845,103.05,,,
2844,103.04,,,
2843,103.04,,,
2842,103.05,,,
2841,103.05,,,
2840,103.06,,,
2839,103.07,,,
2838,103.08,,,
2837,103.09,,,
2836,103.09,,,
2835,103.1,,,
2834,103.11,,,
2833,103.12,,,
2832,103.12,,,
2831,103.12,,,
2830,103.13,,,
2829,103.15,,,
2828,103.18,,,
2827,103.2,,,
2826,103.2,,,
2825,103.2,,,
2824,103.19,,,
2823,103.17,,,
2822,103.18,,,
2821,103.2,,,
2820,103.25,,,
2819,103.29,,,
2818,103.32,,,
2817,103.32,,,
2816,103.33,,,
2815,103.34,,,
2814,103.36,,,
2813,103.37,,,
2812,103.38,,,
2811,103.39,,,
2810,103.39,,,
2809,103.39,,,
2808,103.4,,,
2807,103.41,,,
2806,103.42,,,
2805,103.43,,,
2804,103.44,,,
2803,103.44,,,
2802,103.44,,,
2801,103.44,,,
2800,103.43,,,
2799,103.42,,,
2798,103.42,,,
2797,103.42,,,
2796,103.44,,,
2795,103.46,,,
2794,103.5,,,
2793,103.52,,,
2792,103.53,,,
2791,103.53,,,
2790,103.52,,,
2789,103.52,,,
2788,103.53,,,
2787,103.54,,,
2786,103.55,,,
2785,103.56,,,
2784,103.56,,,
2783,103.57,,,
2782,103.59,,,
2781,103.6,,,
2780,103.62,,,
2779,103.63,,,
2778,103.64,,,
2777,103.64,,,
2776,103.64,,,
2775,103.64,,,
2774,103.64,,,
2773,103.65,,,
2772,103.65,,,
2771,103.66,,,
2770,103.66,,,
2769,103.67,,,
2768,103.67,,,
2767,103.67,,,
2766,103.68,,,
2765,103.7,,,
2764,103.73,,,
2763,103.75,,,
2762,103.75,,,
2761,103.75,,,
2760,103.76,,,
2759,103.78,,,
2758,103.81,,,
2757,103.83,,,
2756,103.84,,,
2755,103.85,,,
2754,103.86,,,
2753,103.87,,,
2752,103.88,,,
2751,103.89,,,
2750,103.89,,,
2749,103.89,,,
2748,103.9,,,
2747,103.91,,,
2746,103.92,,,
2745,103.94,,,
2744,103.95,,,
2743,103.95,,,
2742,103.96,,,
2741,103.95,,,
2740,103.95,,,
2739,103.95,,,
2738,103.95,,,
2737,103.96,,,
2736,103.97,,,
2735,103.98,,,
2734,103.99,,,
2733,103.99,,,
2732,104,,,
2731,104.01,,,
2730,104.03,,,
2729,104.07,,,
2728,104.1,,,
2727,104.11,,,
2726,104.11,,,
2725,104.11,,,
2724,104.11,,,
2723,104.11,,,
2722,104.12,,,
2721,104.12,,,
2720,104.13,,,
2719,104.14,,,
2718,104.13,,,
2717,104.12,,,
2716,104.11,,,
2715,104.11,,,
2714,104.11,,,
2713,104.12,,,
2712,104.13,,,
2711,104.14,,,
2710,104.14,,,
2709,104.16,,,
2708,104.18,,,
2707,104.2,,,
2706,104.21,,,
2705,104.21,,,
2704,104.2,,,
2703,104.21,,,
2702,104.22,,,
2701,104.22,,,
2700,104.22,,,
2699,104.21,,,
2698,104.21,,,
2697,104.21,,,
2696,104.22,,,
2695,104.24,,,
2694,104.26,,,
2693,104.27,,,
2692,104.29,,,
2691,104.29,,,
2690,104.29,,,
2689,104.28,,,
2688,104.28,,,
2687,104.28,,,
2686,104.3,,,
2685,104.3,,,
2684,104.31,,,
2683,104.31,,,
2682,104.31,,,
2681,104.31,,,
2680,104.32,,,
2679,104.34,,,
2678,104.35,,,
2677,104.37,,,
2676,104.37,,,
2675,104.38,,,
2674,104.38,,,
2673,104.39,,,
2672,104.39,,,
2671,104.4,,,
2670,104.4,,,
2669,104.41,,,
2668,104.43,,,
2667,104.45,,,
2666,104.47,,,
2665,104.48,,,
2664,104.48,,,
2663,104.47,,,
2662,104.47,,,
2661,104.47,,,
2660,104.47,,,
2659,104.47,,,
2658,104.47,,,
2657,104.48,,,
2656,104.48,,,
2655,104.48,,,
2654,104.49,,,
2653,104.5,,,
2652,104.5,,,
2651,104.5,,,
2650,104.49,,,
2649,104.48,,,
2648,104.49,,,
2647,104.51,,,
2646,104.53,,,
2645,104.54,,,
2644,104.54,,,
2643,104.55,,,
2642,104.56,,,
2641,104.56,,,
2640,104.56,,,
2639,104.55,,,
2638,104.54,,,
2637,104.56,,,
2636,104.58,,,
2635,104.6,,,
2634,104.62,,,
2633,104.63,,,
2632,104.65,,,
2631,104.66,,,
2630,104.68,,,
2629,104.69,,,
2628,104.69,,,
2627,104.7,,,
2626,104.71,,,
2625,104.73,,,
2624,104.75,,,
2623,104.76,,,
2622,104.75,,,
2621,104.73,,,
2620,104.71,,,
2619,104.68,,,
2618,104.67,,,
2617,104.67,,,
2616,104.69,,,
2615,104.71,,,
2614,104.74,,,
2613,104.76,,,
2612,104.77,,,
2611,104.78,,,
2610,104.77,,,
2609,104.76,,,
2608,104.74,,,
2607,104.73,,,
2606,104.73,,,
2605,104.73,,,
2604,104.73,,,
2603,104.74,,,
2602,104.77,,,
2601,104.78,,,
2600,104.78,,,
2599,104.78,,,
2598,104.79,,,
2597,104.8,,,
2596,104.8,,,
2595,104.79,,,
2594,104.77,,,
2593,104.76,,,
2592,104.75,,,
2591,104.76,,,
2590,104.78,,,
2589,104.79,,,
2588,104.81,,,
2587,104.81,,,
2586,104.82,,,
2585,104.83,,,
2584,104.85,,,
2583,104.85,,,
2582,104.85,,,
2581,104.84,,,
2580,104.83,,,
2579,104.82,,,
2578,104.82,,,
2577,104.83,,,
2576,104.84,,,
2575,104.85,,,
2574,104.86,,,
2573,104.86,,,
2572,104.87,,,
2571,104.88,,,
2570,104.89,,,
2569,104.9,,,
2568,104.9,,,
2567,104.89,,,
2566,104.89,,,
2565,104.89,,,
2564,104.89,,,
2563,104.9,,,
2562,104.91,,,
2561,104.92,,,
2560,104.92,,,
2559,104.92,,,
2558,104.91,,,
2557,104.92,,,
2556,104.93,,,
2555,104.94,,,
2554,104.93,,,
2553,104.93,,,
2552,104.92,,,
2551,104.93,,,
2550,104.93,,,
2549,104.95,,,
2548,104.96,,,
2547,104.98,,,
2546,104.98,,,
2545,104.98,,,
2544,104.98,,,
2543,104.98,,,
2542,104.99,,,
2541,105,,,
2540,105.01,,,
2539,105.01,,,
2538,105.02,,,
2537,105.03,,,
2536,105.03,,,
2535,105.02,,,
2534,105.02,,,
2533,105.02,,,
2532,105.03,,,
2531,105.03,,,
2530,105.03,,,
2529,105.04,,,
2528,105.05,,,
2527,105.06,,,
2526,105.06,,,
2525,105.05,,,
2524,105.04,,,
2523,105.03,,,
2522,105.03,,,
2521,105.04,,,
2520,105.04,,,
2519,105.04,,,
2518,105.04,,,
2517,105.04,,,
2516,105.05,,,
2515,105.05,,,
2514,105.05,,,
2513,105.05,,,
2512,105.05,,,
2511,105.06,,,
2510,105.07,,,
2509,105.07,,,
2508,105.08,,,
2507,105.08,,,
2506,105.07,,,
2505,105.07,,,
2504,105.06,,,
2503,105.07,,,
2502,105.08,,,
2501,105.09,,,
2500,105.1,,,
2499,105.12,,,
2498,105.12,,,
2497,105.11,,,
2496,105.1,,,
2495,105.09,,,
2494,105.09,,,
2493,105.1,,,
2492,105.11,,,
2491,105.11,,,
2490,105.12,,,
2489,105.11,,,
2488,105.11,,,
2487,105.11,,,
2486,105.12,,,
2485,105.12,,,
2484,105.14,,,
2483,105.15,,,
2482,105.16,,,
2481,105.17,,,
2480,105.17,,,
2479,105.16,,,
2478,105.17,,,
2477,105.18,,,
2476,105.18,,,
2475,105.19,,,
2474,105.19,,,
2473,105.2,,,
2472,105.2,,,
2471,105.2,,,
2470,105.2,,,
2469,105.21,,,
2468,105.22,,,
2467,105.23,,,
2466,105.24,,,
2465,105.24,,,
2464,105.24,,,
2463,105.23,,,
2462,105.23,,,
2461,105.23,,,
2460,105.25,,,
2459,105.26,,,
2458,105.27,,,
2457,105.26,,,
2456,105.26,,,
2455,105.27,,,
2454,105.28,,,
2453,105.29,,,
2452,105.3,,,
2451,105.3,,,
2450,105.29,,,
2449,105.29,,,
2448,105.3,,,
2447,105.31,,,
2446,105.31,,,
2445,105.31,,,
2444,105.32,,,
2443,105.33,,,
2442,105.35,,,
2441,105.36,,,
2440,105.37,,,
2439,105.36,,,
2438,105.34,,,
2437,105.32,,,
2436,105.32,,,
2435,105.32,,,
2434,105.33,,,
2433,105.34,,,
2432,105.36,,,
2431,105.36,,,
2430,105.35,,,
2429,105.35,,,
2428,105.34,,,
2427,105.33,,,
2426,105.33,,,
2425,105.34,,,
2424,105.34,,,
2423,105.35,,,
2422,105.35,,,
2421,105.35,,,
2420,105.34,,,
2419,105.34,,,
2418,105.33,,,
2417,105.33,,,
2416,105.34,,,
2415,105.34,,,
2414,105.34,,,
2413,105.33,,,
2412,105.32,,,
2411,105.33,,,
2410,105.34,,,
2409,105.36,,,
2408,105.37,,,
2407,105.38,,,
2406,105.38,,,
2405,105.38,,,
2404,105.39,,,
2403,105.41,,,
2402,105.43,,,
2401,105.43,,,
2400,105.42,,,
2399,105.4,,,
2398,105.39,,,
2397,105.39,,,
2396,105.4,,,
2395,105.41,,,
2394,105.42,,,
2393,105.42,,,
2392,105.42,,,
2391,105.42,,,
2390,105.43,,,
2389,105.44,,,
2388,105.45,,,
2387,105.46,,,
2386,105.47,,,
2385,105.48,,,
2384,105.49,,,
2383,105.49,,,
2382,105.49,,,
2381,105.49,,,
2380,105.51,,,
2379,105.54,,,
2378,105.55,,,
2377,105.55,,,
2376,105.53,,,
2375,105.5,,,
2374,105.49,,,
2373,105.49,,,
2372,105.51,,,
2371,105.55,,,
2370,105.58,,,
2369,105.58,,,
2368,105.56,,,
2367,105.54,,,
2366,105.53,,,
2365,105.53,,,
2364,105.54,,,
2363,105.55,,,
2362,105.56,,,
2361,105.57,,,
2360,105.58,,,
2359,105.59,,,
2358,105.61,,,
2357,105.64,,,
2356,105.65,,,
2355,105.64,,,
2354,105.62,,,
2353,105.6,,,
2352,105.6,,,
2351,105.61,,,
2350,105.61,,,
2349,105.61,,,
2348,105.62,,,
2347,105.62,,,
2346,105.62,,,
2345,105.63,,,
2344,105.63,,,
2343,105.63,,,
2342,105.63,,,
2341,105.65,,,
2340,105.66,,,
2339,105.66,,,
2338,105.66,,,
2337,105.65,,,
2336,105.65,,,
2335,105.64,,,
2334,105.64,,,
2333,105.64,,,
2332,105.65,,,
2331,105.66,,,
2330,105.65,,,
2329,105.64,,,
2328,105.64,,,
2327,105.65,,,
2326,105.67,,,
2325,105.68,,,
2324,105.67,,,
2323,105.67,,,
2322,105.67,,,
2321,105.66,,,
2320,105.66,,,
2319,105.65,,,
2318,105.66,,,
2317,105.67,,,
2316,105.68,,,
2315,105.68,,,
2314,105.69,,,
2313,105.7,,,
2312,105.71,,,
2311,105.71,,,
2310,105.7,,,
2309,105.69,,,
2308,105.69,,,
2307,105.69,,,
2306,105.69,,,
2305,105.68,,,
2304,105.68,,,
2303,105.68,,,
2302,105.7,,,
2301,105.71,,,
2300,105.72,,,
2299,105.72,,,
2298,105.72,,,
2297,105.71,,,
2296,105.71,,,
2295,105.71,,,
2294,105.71,,,
2293,105.72,,,
2292,105.74,,,
2291,105.75,,,
2290,105.75,,,
2289,105.74,,,
2288,105.74,,,
2287,105.75,,,
2286,105.77,,,
2285,105.78,,,
2284,105.77,,,
2283,105.76,,,
2282,105.76,,,
2281,105.77,,,
2280,105.77,,,
2279,105.78,,,
2278,105.79,,,
2277,105.8,,,
2276,105.79,,,
2275,105.78,,,
2274,105.77,,,
2273,105.76,,,
2272,105.75,,,
2271,105.75,,,
2270,105.76,,,
2269,105.77,,,
2268,105.79,,,
2267,105.81,,,
2266,105.82,,,
2265,105.83,,,
2264,105.83,,,
2263,105.83,,,
2262,105.83,,,
2261,105.83,,,
2260,105.83,,,
2259,105.83,,,
2258,105.83,,,
2257,105.83,,,
2256,105.83,,,
2255,105.83,,,
2254,105.85,,,
2253,105.87,,,
2252,105.88,,,
2251,105.89,,,
2250,105.89,,,
2249,105.89,,,
2248,105.89,,,
2247,105.89,,,
2246,105.87,,,
2245,105.86,,,
2244,105.86,,,
2243,105.88,,,
2242,105.89,,,
2241,105.9,,,
2240,105.9,,,
2239,105.89,,,
2238,105.88,,,
2237,105.86,,,
2236,105.84,,,
2235,105.83,,,
2234,105.83,,,
2233,105.84,,,
2232,105.84,,,
2231,105.85,,,
2230,105.86,,,
2229,105.87,,,
2228,105.89,,,
2227,105.9,,,
2226,105.9,,,
2225,105.9,,,
2224,105.9,,,
2223,105.89,,,
2222,105.88,,,
2221,105.87,,,
2220,105.86,,,
2219,105.86,,,
2218,105.86,,,
2217,105.87,,,
2216,105.89,,,
2215,105.9,,,
2214,105.91,,,
2213,105.91,,,
2212,105.9,,,
2211,105.9,,,
2210,105.9,,,
2209,105.89,,,
2208,105.88,,,
2207,105.86,,,
2206,105.85,,,
2205,105.85,,,
2204,105.86,,,
2203,105.88,,,
2202,105.91,,,
2201,105.92,,,
2200,105.93,,,
2199,105.93,,,
2198,105.93,,,
2197,105.93,,,
2196,105.93,,,
2195,105.94,,,
2194,105.94,,,
2193,105.93,,,
2192,105.92,,,
2191,105.91,,,
2190,105.91,,,
2189,105.9,,,
2188,105.9,,,
2187,105.9,,,
2186,105.9,,,
2185,105.92,,,
2184,105.93,,,
2183,105.94,,,
2182,105.93,,,
2181,105.92,,,
2180,105.92,,,
2179,105.92,,,
2178,105.93,,,
2177,105.93,,,
2176,105.94,,,
2175,105.95,,,
2174,105.96,,,
2173,105.97,,,
2172,105.98,,,
2171,105.99,,,
2170,106,,,
2169,106.01,,,
2168,106.01,,,
2167,106.01,,,
2166,105.99,,,
2165,105.97,,,
2164,105.96,,,
2163,105.97,,,
2162,105.99,,,
2161,106.01,,,
2160,106.02,,,
2159,106.01,,,
2158,105.99,,,
2157,105.97,,,
2156,105.96,,,
2155,105.96,,,
2154,105.96,,,
2153,105.98,,,
2152,105.99,,,
2151,105.99,,,
2150,106,,,
2149,106,,,
2148,106.01,,,
2147,106.01,,,
2146,106.02,,,
2145,106.02,,,
2144,106.02,,,
2143,106.01,,,
2142,106.01,,,
2141,106.01,,,
2140,106,,,
2139,105.99,,,
2138,105.97,,,
2137,105.94,,,
2136,105.93,,,
2135,105.93,,,
2134,105.94,,,
2133,105.96,,,
2132,105.97,,,
2131,105.97,,,
2130,105.96,,,
2129,105.95,,,
2128,105.94,,,
2127,105.94,,,
2126,105.95,,,
2125,105.97,,,
2124,105.99,,,
2123,106,,,
2122,106,,,
2121,106,,,
2120,105.99,,,
2119,105.98,,,
2118,105.97,,,
2117,105.97,,,
2116,105.97,,,
2115,105.98,,,
2114,105.98,,,
2113,105.97,,,
2112,105.96,,,
2111,105.95,,,
2110,105.95,,,
2109,105.96,,,
2108,105.99,,,
2107,106.03,,,
2106,106.05,,,
2105,106.05,,,
2104,106.04,,,
2103,106.03,,,
2102,106.03,,,
2101,106.03,,,
2100,106.03,,,
2099,106.04,,,
2098,106.05,,,
2097,106.06,,,
2096,106.06,,,
2095,106.05,,,
2094,106.04,,,
2093,106.03,,,
2092,106.03,,,
2091,106.03,,,
2090,106.03,,,
2089,106.03,,,
2088,106.03,,,
2087,106.04,,,
2086,106.05,,,
2085,106.06,,,
2084,106.07,,,
2083,106.06,,,
2082,106.04,,,
2081,106.03,,,
2080,106.02,,,
2079,106.03,,,
2078,106.04,,,
2077,106.06,,,
2076,106.08,,,
2075,106.09,,,
2074,106.08,,,
2073,106.06,,,
2072,106.04,,,
2071,106.03,,,
2070,106.02,,,
2069,106.03,,,
2068,106.03,,,
2067,106.02,,,
2066,106.02,,,
2065,106.03,,,
2064,106.04,,,
2063,106.05,,,
2062,106.05,,,
2061,106.04,,,
2060,106.04,,,
2059,106.03,,,
2058,106.03,,,
2057,106.03,,,
2056,106.03,,,
2055,106.04,,,
2054,106.06,,,
2053,106.08,,,
2052,106.08,,,
2051,106.07,,,
2050,106.06,,,
2049,106.06,,,
2048,106.07,,,
2047,106.08,,,
2046,106.09,,,
2045,106.08,,,
2044,106.05,,,
2043,106.03,,,
2042,106.03,,,
2041,106.03,,,
2040,106.05,,,
2039,106.06,,,
2038,106.07,,,
2037,106.08,,,
2036,106.07,,,
2035,106.07,,,
2034,106.06,,,
2033,106.05,,,
2032,106.06,,,
2031,106.07,,,
2030,106.08,,,
2029,106.1,,,
2028,106.12,,,
2027,106.13,,,
2026,106.15,,,
2025,106.16,,,
2024,106.17,,,
2023,106.17,,,
2022,106.17,,,
2021,106.17,,,
2020,106.15,,,
2019,106.13,,,
2018,106.11,,,
2017,106.1,,,
2016,106.1,,,
2015,106.11,,,
2014,106.13,,,
2013,106.14,,,
2012,106.14,,,
2011,106.13,,,
2010,106.11,,,
2009,106.11,,,
2008,106.13,,,
2007,106.14,,,
2006,106.14,,,
2005,106.14,,,
2004,106.13,,,
2003,106.14,,,
2002,106.15,,,
2001,106.16,,,
2000,106.17,,,
1999,106.17,,,
1998,106.17,,,
1997,106.17,,,
1996,106.18,,,
1995,106.2,,,
1994,106.22,,,
1993,106.24,,,
1992,106.25,,,
1991,106.24,,,
1990,106.22,,,
1989,106.2,,,
1988,106.19,,,
1987,106.2,,,
1986,106.22,,,
1985,106.24,,,
1984,106.24,,,
1983,106.25,,,
1982,106.25,,,
1981,106.26,,,
1980,106.28,,,
1979,106.3,,,
1978,106.3,,,
1977,106.28,,,
1976,106.26,,,
1975,106.25,,,
1974,106.26,,,
1973,106.28,,,
1972,106.29,,,
1971,106.31,,,
1970,106.31,,,
1969,106.29,,,
1968,106.27,,,
1967,106.25,,,
1966,106.25,,,
1965,106.26,,,
1964,106.27,,,
1963,106.28,,,
1962,106.28,,,
1961,106.28,,,
1960,106.29,,,
1959,106.3,,,
1958,106.3,,,
1957,106.31,,,
1956,106.3,,,
1955,106.3,,,
1954,106.31,,,
1953,106.31,,,
1952,106.32,,,
1951,106.32,,,
1950,106.32,,,
1949,106.32,,,
1948,106.32,,,
1947,106.32,,,
1946,106.33,,,
1945,106.34,,,
1944,106.34,,,
1943,106.34,,,
1942,106.34,,,
1941,106.33,,,
1940,106.33,,,
1939,106.33,,,
1938,106.33,,,
1937,106.33,,,
1936,106.33,,,
1935,106.32,,,
1934,106.32,,,
1933,106.32,,,
1932,106.33,,,
1931,106.33,,,
1930,106.33,,,
1929,106.32,,,
1928,106.32,,,
1927,106.33,,,
1926,106.35,,,
1925,106.36,,,
1924,106.37,,,
1923,106.36,,,
1922,106.36,,,
1921,106.37,,,
1920,106.37,,,
1919,106.37,,,
1918,106.37,,,
1917,106.36,,,
1916,106.37,,,
1915,106.38,,,
1914,106.4,,,
1913,106.43,,,
1912,106.44,,,
1911,106.43,,,
1910,106.42,,,
1909,106.41,,,
1908,106.41,,,
1907,106.4,,,
1906,106.4,,,
1905,106.4,,,
1904,106.42,,,
1903,106.42,,,
1902,106.43,,,
1901,106.42,,,
1900,106.42,,,
1899,106.42,,,
1898,106.43,,,
1897,106.44,,,
1896,106.44,,,
1895,106.44,,,
1894,106.45,,,
1893,106.46,,,
1892,106.47,,,
1891,106.47,,,
1890,106.45,,,
1889,106.44,,,
1888,106.44,,,
1887,106.45,,,
1886,106.45,,,
1885,106.46,,,
1884,106.47,,,
1883,106.47,,,
1882,106.48,,,
1881,106.49,,,
1880,106.48,,,
1879,106.47,,,
1878,106.46,,,
1877,106.44,,,
1876,106.43,,,
1875,106.43,,,
1874,106.45,,,
1873,106.46,,,
1872,106.47,,,
1871,106.46,,,
1870,106.45,,,
1869,106.44,,,
1868,106.45,,,
1867,106.47,,,
1866,106.49,,,
1865,106.5,,,
1864,106.5,,,
1863,106.48,,,
1862,106.46,,,
1861,106.45,,,
1860,106.45,,,
1859,106.46,,,
1858,106.47,,,
1857,106.47,,,
1856,106.48,,,
1855,106.49,,,
1854,106.49,,,
1853,106.5,,,
1852,106.5,,,
1851,106.49,,,
1850,106.48,,,
1849,106.47,,,
1848,106.47,,,
1847,106.49,,,
1846,106.51,,,
1845,106.52,,,
1844,106.52,,,
1843,106.51,,,
1842,106.52,,,
1841,106.53,,,
1840,106.54,,,
1839,106.55,,,
1838,106.54,,,
1837,106.54,,,
1836,106.53,,,
1835,106.53,,,
1834,106.53,,,
1833,106.53,,,
1832,106.53,,,
1831,106.53,,,
1830,106.52,,,
1829,106.52,,,
1828,106.53,,,
1827,106.54,,,
1826,106.55,,,
1825,106.55,,,
1824,106.55,,,
1823,106.55,,,
1822,106.55,,,
1821,106.54,,,
1820,106.53,,,
1819,106.54,,,
1818,106.56,,,
1817,106.59,,,
1816,106.6,,,
1815,106.6,,,
1814,106.59,,,
1813,106.59,,,
1812,106.58,,,
1811,106.55,,,
1810,106.53,,,
1809,106.52,,,
1808,106.53,,,
1807,106.55,,,
1806,106.55,,,
1805,106.56,,,
1804,106.56,,,
1803,106.55,,,
1802,106.56,,,
1801,106.56,,,
1800,106.57,,,
1799,106.57,,,
1798,106.57,,,
1797,106.57,,,
1796,106.58,,,
1795,106.58,,,
1794,106.56,,,
1793,106.53,,,
1792,106.5,,,
1791,106.49,,,
1790,106.5,,,
1789,106.52,,,
1788,106.53,,,
1787,106.52,,,
1786,106.52,,,
1785,106.52,,,
1784,106.52,,,
1783,106.53,,,
1782,106.53,,,
1781,106.53,,,
1780,106.52,,,
1779,106.52,,,
1778,106.51,,,
1777,106.5,,,
1776,106.5,,,
1775,106.49,,,
1774,106.49,,,
1773,106.49,,,
1772,106.47,,,
1771,106.45,,,
1770,106.44,,,
1769,106.42,,,
1768,106.42,,,
1767,106.42,,,
1766,106.44,,,
1765,106.46,,,
1764,106.46,,,
1763,106.45,,,
1762,106.44,,,
1761,106.42,,,
1760,106.41,,,
1759,106.4,,,
1758,106.38,,,
1757,106.38,,,
1756,106.38,,,
1755,106.4,,,
1754,106.41,,,
1753,106.4,,,
1752,106.37,,,
1751,106.35,,,
1750,106.35,,,
1749,106.37,,,
1748,106.38,,,
1747,106.38,,,
1746,106.36,,,
1745,106.35,,,
1744,106.34,,,
1743,106.34,,,
1742,106.34,,,
1741,106.35,,,
1740,106.36,,,
1739,106.37,,,
1738,106.36,,,
1737,106.36,,,
1736,106.35,,,
1735,106.34,,,
1734,106.32,,,
1733,106.32,,,
1732,106.32,,,
1731,106.32,,,
1730,106.33,,,
1729,106.35,,,
1728,106.38,,,
1727,106.4,,,
1726,106.41,,,
1725,106.4,,,
1724,106.38,,,
1723,106.35,,,
1722,106.33,,,
1721,106.32,,,
1720,106.31,,,
1719,106.29,,,
1718,106.26,,,
1717,106.27,,,
1716,106.31,,,
1715,106.33,,,
1714,106.33,,,
1713,106.33,,,
1712,106.33,,,
1711,106.33,,,
1710,106.32,,,
1709,106.29,,,
1708,106.25,,,
1707,106.21,,,
1706,106.17,,,
1705,106.15,,,
1704,106.14,,,
1703,106.14,,,
1702,106.13,,,
1701,106.09,,,
1700,106.04,,,
1699,106,,,
1698,105.99,,,
1697,106.01,,,
1696,106.02,,,
1695,106,,,
1694,105.97,,,
1693,105.95,,,
1692,105.93,,,
1691,105.9,,,
1690,105.86,,,
1689,105.84,,,
1688,105.83,,,
1687,105.83,,,
1686,105.8,,,
1685,105.72,,,
1684,105.64,,,
1683,105.58,,,
1682,105.56,,,
1681,105.55,,,
1680,105.52,,,
1679,105.5,,,
1678,105.48,,,
1677,105.46,,,
1676,105.42,,,
1675,105.37,,,
1674,105.35,,,
1673,105.34,,,
1672,105.35,,,
1671,105.33,,,
1670,105.29,,,
1669,105.23,,,
1668,105.19,,,
1667,105.18,,,
1666,105.18,,,
1665,105.18,,,
1664,105.16,,,
1663,105.12,,,
1662,105.06,,,
1661,105.01,,,
1660,104.97,,,
1659,104.94,,,
1658,104.92,,,
1657,104.91,,,
1656,104.91,,,
1655,104.93,,,
1654,104.93,,,
1653,104.87,,,
1652,104.78,,,
1651,104.71,,,
1650,104.68,,,
1649,104.67,,,
1648,104.65,,,
1647,104.64,,,
1646,104.63,,,
1645,104.64,,,
1644,104.65,,,
1643,104.66,,,
1642,104.67,,,
1641,104.67,,,
1640,104.67,,,
1639,104.67,,,
1638,104.66,,,
1637,104.64,,,
1636,104.62,,,
1635,104.61,,,
1634,104.61,,,
1633,104.6,,,
1632,104.6,,,
1631,104.6,,,
1630,104.6,,,
1629,104.6,,,
1628,104.61,,,
1627,104.62,,,
1626,104.65,,,
1625,104.67,,,
1624,104.68,,,
1623,104.69,,,
1622,104.7,,,
1621,104.73,,,
1620,104.76,,,
1619,104.8,,,
1618,104.83,,,
1617,104.85,,,
1616,104.87,,,
1615,104.9,,,
1614,104.94,,,
1613,104.98,,,
1612,105.01,,,
1611,105.03,,,
1610,105.04,,,
1609,105.05,,,
1608,105.06,,,
1607,105.08,,,
1606,105.11,,,
1605,105.13,,,
1604,105.15,,,
1603,105.18,,,
1602,105.22,,,
1601,105.26,,,
1600,105.29,,,
1599,105.31,,,
1598,105.31,,,
1597,105.33,,,
1596,105.37,,,
1595,105.43,,,
1594,105.49,,,
1593,105.53,,,
1592,105.55,,,
1591,105.57,,,
1590,105.59,,,
1589,105.61,,,
1588,105.64,,,
1587,105.67,,,
1586,105.71,,,
1585,105.74,,,
1584,105.78,,,
1583,105.81,,,
1582,105.85,,,
1581,105.9,,,
1580,105.94,,,
1579,105.99,,,
1578,106.04,,,
1577,106.07,,,
1576,106.09,,,
1575,106.09,,,
1574,106.11,,,
1573,106.14,,,
1572,106.18,,,
1571,106.21,,,
1570,106.23,,,
1569,106.23,,,
1568,106.24,,,
1567,106.28,,,
1566,106.33,,,
1565,106.37,,,
1564,106.4,,,
1563,106.43,,,
1562,106.46,,,
1561,106.48,,,
1560,106.48,,,
1559,106.49,,,
1558,106.52,,,
1557,106.57,,,
1556,106.63,,,
1555,106.68,,,
1554,106.7,,,
1553,106.7,,,
1552,106.69,,,
1551,106.7,,,
1550,106.72,,,
1549,106.73,,,
1548,106.75,,,
1547,106.77,,,
1546,106.77,,,
1545,106.77,,,
1544,106.78,,,
1543,106.81,,,
1542,106.85,,,
1541,106.89,,,
1540,106.9,,,
1539,106.91,,,
1538,106.92,,,
1537,106.93,,,
1536,106.94,,,
1535,106.94,,,
1534,106.94,,,
1533,106.95,,,
1532,106.96,,,
1531,106.96,,,
1530,106.95,,,
1529,106.95,,,
1528,106.96,,,
1527,106.96,,,
1526,106.96,,,
1525,106.97,,,
1524,106.99,,,
1523,107.03,,,
1522,107.05,,,
1521,107.05,,,
1520,107.06,,,
1519,107.06,,,
1518,107.06,,,
1517,107.06,,,
1516,107.04,,,
1515,107.03,,,
1514,107.03,,,
1513,107.03,,,
1512,107.03,,,
1511,107.03,,,
1510,107.05,,,
1509,107.06,,,
1508,107.07,,,
1507,107.07,,,
1506,107.07,,,
1505,107.1,,,
1504,107.14,,,
1503,107.16,,,
1502,107.16,,,
1501,107.16,,,
1500,107.16,,,
1499,107.17,,,
1498,107.16,,,
1497,107.15,,,
1496,107.15,,,
1495,107.17,,,
1494,107.18,,,
1493,107.19,,,
1492,107.19,,,
1491,107.18,,,
1490,107.16,,,
1489,107.16,,,
1488,107.18,,,
1487,107.19,,,
1486,107.19,,,
1485,107.19,,,
1484,107.21,,,
1483,107.25,,,
1482,107.26,,,
1481,107.25,,,
1480,107.21,,,
1479,107.18,,,
1478,107.18,,,
1477,107.2,,,
1476,107.22,,,
1475,107.22,,,
1474,107.21,,,
1473,107.21,,,
1472,107.24,,,
1471,107.27,,,
1470,107.28,,,
1469,107.29,,,
1468,107.31,,,
1467,107.33,,,
1466,107.35,,,
1465,107.34,,,
1464,107.32,,,
1463,107.31,,,
1462,107.31,,,
1461,107.3,,,
1460,107.29,,,
1459,107.28,,,
1458,107.29,,,
1457,107.3,,,
1456,107.31,,,
1455,107.31,,,
1454,107.31,,,
1453,107.32,,,
1452,107.31,,,
1451,107.3,,,
1450,107.29,,,
1449,107.29,,,
1448,107.31,,,
1447,107.34,,,
1446,107.38,,,
1445,107.41,,,
1444,107.41,,,
1443,107.4,,,
1442,107.39,,,
1441,107.38,,,
1440,107.38,,,
1439,107.4,,,
1438,107.41,,,
1437,107.42,,,
1436,107.41,,,
1435,107.4,,,
1434,107.39,,,
1433,107.4,,,
1432,107.42,,,
1431,107.44,,,
1430,107.44,,,
1429,107.43,,,
1428,107.43,,,
1427,107.45,,,
1426,107.47,,,
1425,107.49,,,
1424,107.51,,,
1423,107.52,,,
1422,107.51,,,
1421,107.49,,,
1420,107.47,,,
1419,107.48,,,
1418,107.5,,,
1417,107.54,,,
1416,107.57,,,
1415,107.6,,,
1414,107.61,,,
1413,107.62,,,
1412,107.64,,,
1411,107.65,,,
1410,107.66,,,
1409,107.66,,,
1408,107.68,,,
1407,107.71,,,
1406,107.73,,,
1405,107.74,,,
1404,107.73,,,
1403,107.72,,,
1402,107.72,,,
1401,107.74,,,
1400,107.77,,,
1399,107.8,,,
1398,107.81,,,
1397,107.82,,,
1396,107.84,,,
1395,107.86,,,
1394,107.87,,,
1393,107.87,,,
1392,107.87,,,
1391,107.86,,,
1390,107.87,,,
1389,107.87,,,
1388,107.87,,,
1387,107.87,,,
1386,107.87,,,
1385,107.88,,,
1384,107.87,,,
1383,107.87,,,
1382,107.86,,,
1381,107.87,,,
1380,107.88,,,
1379,107.88,,,
1378,107.87,,,
1377,107.87,,,
1376,107.88,,,
1375,107.9,,,
1374,107.92,,,
1373,107.94,,,
1372,107.95,,,
1371,107.97,,,
1370,107.98,,,
1369,107.98,,,
1368,107.97,,,
1367,107.97,,,
1366,107.97,,,
1365,107.98,,,
1364,107.98,,,
1363,107.97,,,
1362,107.97,,,
1361,107.97,,,
1360,107.99,,,
1359,108.01,,,
1358,108.03,,,
1357,108.03,,,
1356,108.02,,,
1355,108.02,,,
1354,108.01,,,
1353,108.01,,,
1352,108.01,,,
1351,108.01,,,
1350,108,,,
1349,108,,,
1348,108.01,,,
1347,108.02,,,
1346,108.03,,,
1345,108.03,,,
1344,108.02,,,
1343,108.03,,,
1342,108.04,,,
1341,108.05,,,
1340,108.05,,,
1339,108.04,,,
1338,108.02,,,
1337,108.01,,,
1336,108.01,,,
1335,108.03,,,
1334,108.07,,,
1333,108.11,,,
1332,108.14,,,
1331,108.15,,,
1330,108.14,,,
1329,108.13,,,
1328,108.12,,,
1327,108.11,,,
1326,108.1,,,
1325,108.1,,,
1324,108.09,,,
1323,108.09,,,
1322,108.1,,,
1321,108.11,,,
1320,108.13,,,
1319,108.14,,,
1318,108.13,,,
1317,108.14,,,
1316,108.15,,,
1315,108.17,,,
1314,108.17,,,
1313,108.16,,,
1312,108.15,,,
1311,108.16,,,
1310,108.18,,,
1309,108.19,,,
1308,108.19,,,
1307,108.18,,,
1306,108.18,,,
1305,108.17,,,
1304,108.16,,,
1303,108.17,,,
1302,108.18,,,
1301,108.21,,,
1300,108.23,,,
1299,108.23,,,
1298,108.22,,,
1297,108.2,,,
1296,108.19,,,
1295,108.19,,,
1294,108.17,,,
1293,108.16,,,
1292,108.14,,,
1291,108.14,,,
1290,108.13,,,
1289,108.11,,,
1288,108.06,,,
1287,107.98,,,
1286,107.88,,,
1285,107.77,,,
1284,107.65,,,
1283,107.5,,,
1282,107.31,,,
1281,107.11,,,
1280,106.89,,,
1279,106.69,,,
1278,106.52,,,
1277,106.39,,,
1276,106.33,,,
1275,106.37,,,
1274,106.53,,,
1273,106.8,,,
1272,107.1,,,
1271,107.32,,,
1270,107.35,,,
1269,107.22,,,
1268,107.07,,,
1267,107,,,
1266,107.01,,,
1265,107,,,
1264,106.92,,,
1263,106.77,,,
1262,106.63,,,
1261,106.54,,,
1260,106.52,,,
1259,106.56,,,
1258,106.65,,,
1257,106.75,,,
1256,106.87,,,
1255,107,,,
1254,107.13,,,
1253,107.26,,,
1252,107.36,,,
1251,107.43,,,
1250,107.48,,,
1249,107.51,,,
1248,107.54,,,
1247,107.55,,,
1246,107.55,,,
1245,107.52,,,
1244,107.48,,,
1243,107.43,,,
1242,107.39,,,
1241,107.36,,,
1240,107.33,,,
1239,107.29,,,
1238,107.24,,,
1237,107.18,,,
1236,107.13,,,
1235,107.08,,,
1234,107.02,,,
1233,106.95,,,
1232,106.86,,,
1231,106.78,,,
1230,106.71,,,
1229,106.63,,,
1228,106.53,,,
1227,106.41,,,
1226,106.29,,,
1225,106.2,,,
1224,106.11,,,
1223,106.04,,,
1222,105.97,,,
1221,105.88,,,
1220,105.79,,,
1219,105.7,,,
1218,105.61,,,
1217,105.51,,,
1216,105.41,,,
1215,105.3,,,
1214,105.18,,,
1213,105.07,,,
1212,104.95,,,
1211,104.85,,,
1210,104.77,,,
1209,104.68,,,
1208,104.59,,,
1207,104.5,,,
1206,104.42,,,
1205,104.37,,,
1204,104.32,,,
1203,104.26,,,
1202,104.18,,,
1201,104.08,,,
1200,103.97,,,
1199,103.86,,,
1198,103.76,,,
1197,103.67,,,
1196,103.59,,,
1195,103.52,,,
1194,103.45,,,
1193,103.37,,,
1192,103.3,,,
1191,103.24,,,
1190,103.18,,,
1189,103.1,,,
1188,103.01,,,
1187,102.91,,,
1186,102.81,,,
1185,102.72,,,
1184,102.64,,,
1183,102.57,,,
1182,102.5,,,
1181,102.42,,,
1180,102.36,,,
1179,102.29,,,
1178,102.23,,,
1177,102.15,,,
1176,102.06,,,
1175,101.96,,,
1174,101.87,,,
1173,101.78,,,
1172,101.69,,,
1171,101.6,,,
1170,101.51,,,
1169,101.44,,,
1168,101.38,,,
1167,101.31,,,
1166,101.22,,,
1165,101.11,,,
1164,100.99,,,
1163,100.87,,,
1162,100.75,,,
1161,100.64,,,
1160,100.52,,,
1159,100.4,,,
1158,100.26,,,
1157,100.1,,,
1156,99.94,,,
1155,99.77,,,
1154,99.6,,,
1153,99.41,,,
1152,99.22,,,
1151,99.03,,,
1150,98.86,,,
1149,98.69,,,
1148,98.51,,,
1147,98.32,,,
1146,98.14,,,
1145,97.96,,,
1144,97.78,,,
1143,97.59,,,
1142,97.39,,,
1141,97.16,,,
1140,96.91,,,
1139,96.65,,,
1138,96.42,,,
1137,96.2,,,
1136,95.99,,,
1135,95.77,,,
1134,95.56,,,
1133,95.35,,,
1132,95.15,,,
1131,94.97,,,
1130,94.81,,,
1129,94.65,,,
1128,94.49,,,
1127,94.31,,,
1126,94.13,,,
1125,93.96,,,
1124,93.82,,,
1123,93.67,,,
1122,93.52,,,
1121,93.36,,,
1120,93.22,,,
1119,93.12,,,
1118,93.05,,,
1117,92.96,,,
1116,92.87,,,
1115,92.77,,,
1114,92.69,,,
1113,92.61,,,
1112,92.52,,,
1111,92.44,,,
1110,92.36,,,
1109,92.29,,,
1108,92.22,,,
1107,92.15,,,
1106,92.07,,,
1105,92,,,
1104,91.93,,,
1103,91.87,,,
1102,91.81,,,
1101,91.77,,,
1100,91.73,,,
1099,91.71,,,
1098,91.69,,,
1097,91.67,,,
1096,91.66,,,
1095,91.66,,,
1094,91.66,,,
1093,91.63,,,
1092,91.58,,,
1091,91.54,,,
1090,91.53,,,
1089,91.52,,,
1088,91.52,,,
1087,91.54,,,
1086,91.57,,,
1085,91.6,,,
1084,91.63,,,
1083,91.65,,,
1082,91.66,,,
1081,91.68,,,
1080,91.72,,,
1079,91.76,,,
1078,91.81,,,
1077,91.86,,,
1076,91.92,,,
1075,91.97,,,
1074,92.03,,,
1073,92.08,,,
1072,92.11,,,
1071,92.11,,,
1070,92.11,,,
1069,92.12,,,
1068,92.17,,,
1067,92.26,,,
1066,92.35,,,
1065,92.41,,,
1064,92.46,,,
1063,92.5,,,
1062,92.56,,,
1061,92.62,,,
1060,92.68,,,
1059,92.76,,,
1058,92.84,,,
1057,92.91,,,
1056,92.99,,,
1055,93.06,,,
1054,93.13,,,
1053,93.19,,,
1052,93.28,,,
1051,93.38,,,
1050,93.49,,,
1049,93.58,,,
1048,93.67,,,
1047,93.76,,,
1046,93.86,,,
1045,93.96,,,
1044,94.06,,,
1043,94.17,,,
1042,94.27,,,
1041,94.34,,,
1040,94.41,,,
1039,94.5,,,
1038,94.6,,,
1037,94.72,,,
1036,94.84,,,
1035,94.98,,,
1034,95.12,,,
1033,95.25,,,
1032,95.38,,,
1031,95.51,,,
1030,95.66,,,
1029,95.81,,,
1028,95.94,,,
1027,96.08,,,
1026,96.23,,,
1025,96.39,,,
1024,96.56,,,
1023,96.74,,,
1022,96.93,,,
1021,97.11,,,
1020,97.26,,,
1019,97.39,,,
1018,97.48,,,
1017,97.55,,,
1016,97.61,,,
1015,97.68,,,
1014,97.76,,,
1013,97.84,,,
1012,97.9,,,
1011,97.95,,,
1010,97.97,,,
1009,97.99,,,
1008,98.02,,,
1007,98.07,,,
1006,98.13,,,
1005,98.19,,,
1004,98.23,,,
1003,98.26,,,
1002,98.28,,,
1001,98.29,,,
1000,98.29,,,
999,98.27,,,
998,98.26,,,
997,98.24,,,
996,98.21,,,
995,98.18,,,
994,98.15,,,
993,98.14,,,
992,98.14,,,
991,98.14,,,
990,98.15,,,
989,98.15,,,
988,98.12,,,
987,98.07,,,
986,98.02,,,
985,98.01,,,
984,98.04,,,
983,98.11,,,
982,98.18,,,
981,98.26,,,
980,98.34,,,
979,98.41,,,
978,98.47,,,
977,98.52,,,
976,98.56,,,
975,98.62,,,
974,98.7,,,
973,98.82,,,
972,98.95,,,
971,99.07,,,
970,99.18,,,
969,99.27,,,
968,99.34,,,
967,99.42,,,
966,99.52,,,
965,99.63,,,
964,99.75,,,
963,99.86,,,
962,99.96,,,
961,100.04,,,
960,100.1,,,
959,100.16,,,
958,100.2,,,
957,100.24,,,
956,100.28,,,
955,100.32,,,
954,100.37,,,
953,100.41,,,
952,100.44,,,
951,100.48,,,
950,100.51,,,
949,100.53,,,
948,100.52,,,
947,100.52,,,
946,100.53,,,
945,100.56,,,
944,100.61,,,
943,100.66,,,
942,100.7,,,
941,100.73,,,
940,100.74,,,
939,100.73,,,
938,100.7,,,
937,100.65,,,
936,100.61,,,
935,100.6,,,
934,100.63,,,
933,100.67,,,
932,100.7,,,
931,100.72,,,
930,100.73,,,
929,100.75,,,
928,100.79,,,
927,100.82,,,
926,100.81,,,
925,100.76,,,
924,100.68,,,
923,100.62,,,
922,100.58,,,
921,100.59,,,
920,100.62,,,
919,100.63,,,
918,100.64,,,
917,100.62,,,
916,100.6,,,
915,100.58,,,
914,100.55,,,
913,100.51,,,
912,100.48,,,
911,100.46,,,
910,100.45,,,
909,100.44,,,
908,100.43,,,
907,100.42,,,
906,100.4,,,
905,100.37,,,
904,100.34,,,
903,100.32,,,
902,100.32,,,
901,100.32,,,
900,100.31,,,
899,100.28,,,
898,100.22,,,
897,100.16,,,
896,100.12,,,
895,100.1,,,
894,100.08,,,
893,100.08,,,
892,100.09,,,
891,100.1,,,
890,100.09,,,
889,100.06,,,
888,100.03,,,
887,100.02,,,
886,100.01,,,
885,99.97,,,
884,99.91,,,
883,99.84,,,
882,99.77,,,
881,99.7,,,
880,99.64,,,
879,99.59,,,
878,99.57,,,
877,99.57,,,
876,99.57,,,
875,99.59,,,
874,99.61,,,
873,99.61,,,
872,99.59,,,
871,99.53,,,
870,99.48,,,
869,99.44,,,
868,99.43,,,
867,99.45,,,
866,99.45,,,
865,99.42,,,
864,99.38,,,
863,99.34,,,
862,99.31,,,
861,99.3,,,
860,99.3,,,
859,99.29,,,
858,99.28,,,
857,99.24,,,
856,99.19,,,
855,99.15,,,
854,99.13,,,
853,99.11,,,
852,99.11,,,
851,99.11,,,
850,99.1,,,
849,99.06,,,
848,99.02,,,
847,98.99,,,
846,98.99,,,
845,99.01,,,
844,99.04,,,
843,99.08,,,
842,99.09,,,
841,99.06,,,
840,99.03,,,
839,99.01,,,
838,99.01,,,
837,99,,,
836,98.98,,,
835,98.96,,,
834,98.95,,,
833,98.95,,,
832,98.95,,,
831,98.95,,,
830,98.97,,,
829,98.98,,,
828,98.94,,,
827,98.89,,,
826,98.83,,,
825,98.77,,,
824,98.72,,,
823,98.69,,,
822,98.69,,,
821,98.71,,,
820,98.74,,,
819,98.78,,,
818,98.83,,,
817,98.87,,,
816,98.87,,,
815,98.84,,,
814,98.81,,,
813,98.79,,,
812,98.8,,,
811,98.81,,,
810,98.82,,,
809,98.84,,,
808,98.87,,,
807,98.89,,,
806,98.9,,,
805,98.89,,,
804,98.86,,,
803,98.84,,,
802,98.83,,,
801,98.83,,,
800,98.84,,,
799,98.87,,,
798,98.94,,,
797,99,,,
796,99.03,,,
795,99.02,,,
794,99,,,
793,98.99,,,
792,99,,,
791,99.02,,,
790,99.05,,,
789,99.08,,,
788,99.1,,,
787,99.09,,,
786,99.06,,,
785,99.05,,,
784,99.04,,,
783,99.05,,,
782,99.06,,,
781,99.06,,,
780,99.06,,,
779,99.06,,,
778,99.03,,,
777,98.96,,,
776,98.82,,,
775,98.62,,,
774,98.36,,,
773,98.03,,,
772,97.65,,,
771,97.22,,,
770,96.73,,,
769,96.22,,,
768,95.72,,,
767,95.27,,,
766,94.94,,,
765,94.76,,,
764,94.76,,,
763,94.92,,,
762,95.15,,,
761,95.32,,,
760,95.37,,,
759,95.32,,,
758,95.24,,,
757,95.16,,,
756,95.06,,,
755,94.92,,,
754,94.76,,,
753,94.59,,,
752,94.43,,,
751,94.31,,,
750,94.27,,,
749,94.34,,,
748,94.55,,,
747,94.86,,,
746,95.25,,,
745,95.7,,,
744,96.2,,,
743,96.67,,,
742,97.07,,,
741,97.36,,,
740,97.58,,,
739,97.77,,,
738,97.94,,,
737,98.06,,,
736,98.13,,,
735,98.14,,,
734,98.09,,,
733,98.02,,,
732,97.95,,,
731,97.87,,,
730,97.76,,,
729,97.6,,,
728,97.41,,,
727,97.22,,,
726,97.03,,,
725,96.79,,,
724,96.5,,,
723,96.19,,,
722,95.9,,,
721,95.65,,,
720,95.41,,,
719,95.15,,,
718,94.87,,,
717,94.55,,,
716,94.19,,,
715,93.83,,,
714,93.49,,,
713,93.17,,,
712,92.84,,,
711,92.5,,,
710,92.15,,,
709,91.82,,,
708,91.56,,,
707,91.38,,,
706,91.27,,,
705,91.16,,,
704,91.02,,,
703,90.84,,,
702,90.68,,,
701,90.59,,,
700,90.58,,,
699,90.62,,,
698,90.64,,,
697,90.63,,,
696,90.61,,,
695,90.61,,,
694,90.65,,,
693,90.72,,,
692,90.79,,,
691,90.88,,,
690,90.96,,,
689,91.03,,,
688,91.1,,,
687,91.17,,,
686,91.24,,,
685,91.29,,,
684,91.31,,,
683,91.32,,,
682,91.31,,,
681,91.32,,,
680,91.36,,,
679,91.43,,,
678,91.52,,,
677,91.61,,,
676,91.67,,,
675,91.72,,,
674,91.78,,,
673,91.89,,,
672,92.02,,,
671,92.12,,,
670,92.19,,,
669,92.24,,,
668,92.29,,,
667,92.39,,,
666,92.48,,,
665,92.54,,,
664,92.6,,,
663,92.69,,,
662,92.78,,,
661,92.85,,,
660,92.9,,,
659,93.01,,,
658,93.15,,,
657,93.28,,,
656,93.35,,,
655,93.4,,,
654,93.51,,,
653,93.66,,,
652,93.77,,,
651,93.79,,,
650,93.77,,,
649,93.77,,,
648,93.85,,,
647,94,,,
646,94.16,,,
645,94.3,,,
644,94.37,,,
643,94.39,,,
642,94.37,,,
641,94.36,,,
640,94.42,,,
639,94.56,,,
638,94.7,,,
637,94.74,,,
636,94.66,,,
635,94.56,,,
634,94.52,,,
633,94.58,,,
632,94.69,,,
631,94.78,,,
630,94.75,,,
629,94.61,,,
628,94.46,,,
627,94.42,,,
626,94.57,,,
625,94.82,,,
624,95.04,,,
623,95.14,,,
622,95.11,,,
621,95.01,,,
620,94.88,,,
619,94.77,,,
618,94.69,,,
617,94.68,,,
616,94.68,,,
615,94.63,,,
614,94.48,,,
613,94.28,,,
612,94.09,,,
611,93.97,,,
610,93.9,,,
609,93.82,,,
608,93.74,,,
607,93.7,,,
606,93.67,,,
605,93.62,,,
604,93.52,,,
603,93.4,,,
602,93.32,,,
601,93.31,,,
600,93.38,,,
599,93.5,,,
598,93.62,,,
597,93.73,,,
596,93.86,,,
595,94,,,
594,94.12,,,
593,94.19,,,
592,94.25,,,
591,94.38,,,
590,94.61,,,
589,94.88,,,
588,95.12,,,
587,95.25,,,
586,95.25,,,
585,95.18,,,
584,95.16,,,
583,95.21,,,
582,95.3,,,
581,95.42,,,
580,95.62,,,
579,95.9,,,
578,96.12,,,
577,96.18,,,
576,96.13,,,
575,96.12,,,
574,96.17,,,
573,96.24,,,
572,96.31,,,
571,96.4,,,
570,96.5,,,
569,96.54,,,
568,96.48,,,
567,96.3,,,
566,96,,,
565,95.63,,,
564,95.36,,,
563,95.32,,,
562,95.43,,,
561,95.49,,,
560,95.42,,,
559,95.3,,,
558,95.24,,,
557,95.17,,,
556,95.06,,,
555,94.96,,,
554,94.98,,,
553,95.15,,,
552,95.37,,,
551,95.49,,,
550,95.48,,,
549,95.38,,,
548,95.24,,,
547,95.08,,,
546,94.84,,,
545,94.58,,,
544,94.43,,,
543,94.41,,,
542,94.41,,,
541,94.37,,,
540,94.44,,,
539,94.69,,,
538,94.93,,,
537,94.89,,,
536,94.58,,,
535,94.32,,,
534,94.33,,,
533,94.65,,,
532,95.21,,,
531,95.92,,,
530,96.58,,,
529,96.98,,,
528,97.06,,,
527,96.93,,,
526,96.71,,,
525,96.61,,,
524,96.92,,,
523,97.7,,,
522,98.56,,,
521,98.97,,,
520,98.92,,,
519,98.79,,,
518,98.71,,,
517,98.41,,,
516,97.85,,,
515,97.56,,,
514,97.85,,,
513,98.33,,,
512,98.32,,,
511,97.79,,,
510,97.33,,,
509,97.41,,,
508,97.98,,,
507,98.71,,,
506,99.33,,,
505,99.68,,,
504,99.75,,,
503,99.59,,,
502,99.39,,,
501,99.34,,,
500,99.58,,,
499,100.22,,,
498,101.15,,,
497,102.01,,,
496,102.34,,,
495,101.98,,,
494,101.23,,,
493,100.55,,,
492,100.1,,,
491,99.69,,,
490,99.07,,,
489,98.35,,,
488,97.99,,,
487,98.33,,,
486,99.22,,,
485,100.04,,,
484,100.23,,,
483,99.63,,,
482,98.54,,,
481,97.42,,,
480,96.74,,,
479,96.85,,,
478,97.69,,,
477,98.72,,,
476,99.36,,,
475,99.5,,,
474,99.38,,,
473,99.11,,,
472,98.58,,,
471,97.83,,,
470,97.24,,,
469,97.24,,,
468,97.87,,,
467,98.75,,,
466,99.36,,,
465,99.49,,,
464,99.42,,,
463,99.52,,,
462,99.88,,,
461,100.32,,,
460,100.65,,,
459,100.61,,,
458,99.87,,,
457,98.5,,,
456,97.16,,,
455,96.46,,,
454,96.35,,,
453,96.41,,,
452,96.66,,,
451,97.64,,,
450,99.5,,,